[
  {
    "icon": "fa fa-home",
    "slug": "external",
    "title": "Volver al Inicio",
    "path": "index.html"
  },  
  { 
    "id": 1,
    "icon": "fa fa-file-text-o",
    "slug": "tema-1",
    "title": "1. Inspección y validación de productos.",
    "breadcrumb": ["Inicio","tema1"],
    "path": "pages/tema-1.html"    
  },
  {
    "id": 2,
    "icon": "fa fa-file-text-o",
    "slug": "tema-2",
    "title": "2. Informes de inspección para producto terminado.",
    "breadcrumb": ["Inicio", "Tema 2"],
    "path": "pages/tema-2.html"
  }
]